sell_flag,total_price,title,position_icon,unit_price,deal_house_txt,deal_data,house_info,page_url
1,183,怡翠花园紫荆苑北 3室2厅 118平米,中楼层(共15层) 2005年建塔楼,15509,"房本满五年,距广佛线南桂路613米",2016.12.20,南 | 简装,http://fs.lianjia.com/chengjiao/FS0002191838.html
1,125,怡景丽苑 3室2厅 108平米,中楼层(共10层) 2004年建塔楼,11575,房本满五年,2016.12.20,东南 | 精装,http://fs.lianjia.com/chengjiao/FS0002197528.html
1,423,保利花园三期 4室2厅 187平米,中楼层(共26层) 2009年建塔楼,22621,"房本满两年,距广佛线千灯湖623米",2016.12.20,西南 | 精装,http://fs.lianjia.com/chengjiao/FS0002174750.html
1,73.6,兴业新村兴桂苑 2室2厅 74.2平米,中楼层(共8层) 2002年建塔楼,9920,房本满五年,2016.12.20,南 | 简装,http://fs.lianjia.com/chengjiao/FS0002194531.html
1,68,红棉雅苑 1室1厅 55.68平米,高楼层(共7层) 2006年建塔楼,12213,距广佛线祖庙998米,2016.12.20,暂无数据 | 精装,http://fs.lianjia.com/chengjiao/FS0002058013.html
1,81,恒福新城 2室1厅 60.27平米,低楼层(共22层) 2010年建塔楼,13440,房本满两年,2016.12.19,东北 | 精装,http://fs.lianjia.com/chengjiao/FS0002292863.html
1,149,怡景丽苑 3室2厅 117平米,中楼层(共11层) 2004年建塔楼,12736,房本满五年,2016.12.19,东南 | 简装,http://fs.lianjia.com/chengjiao/FS0002064622.html
1,49,威斯广场美钻轩 2室1厅 75平米,高楼层(共12层) 2005年建塔楼,6534,房本满两年,2016.12.19,北 | 简装,http://fs.lianjia.com/chengjiao/FS0002194584.html
1,144.5,富丰新城 3室2厅 89平米,中楼层(共30层) 2012年建塔楼,16236,,2016.12.19,东 | 精装,http://fs.lianjia.com/chengjiao/FS0002268963.html
1,105,嘉信城市花园 3室2厅 113平米,低楼层(共21层) 2011年建塔楼,9293,房本满五年,2016.12.19,东北 | 精装,http://fs.lianjia.com/chengjiao/FS0002275765.html
1,90.5,富丰新城 2室1厅 58平米,中楼层(共32层) 2012年建塔楼,15604,,2016.12.19,东南 | 精装,http://fs.lianjia.com/chengjiao/FS0002194564.html
1,73,玫瑰园 2室2厅 89.06平米,低楼层(共9层) 2001年建塔楼,8197,,2016.12.19,北 | 简装,http://fs.lianjia.com/chengjiao/FS0002203106.html
1,135,中海锦城国际花园3街 2室2厅 72.07平米,中楼层(共11层) 2015年建塔楼,18732,,2016.12.19,东南 | 精装,http://fs.lianjia.com/chengjiao/FS0002189019.html
1,45,基业花园 2室2厅 71平米,高楼层(共8层) 2005年建板塔结合,6339,房本满五年,2016.12.19,南 | 简装,http://fs.lianjia.com/chengjiao/FS0002187665.html
1,128,保利西雅图 2室2厅 79.04平米,低楼层(共32层) 2016年建板塔结合,16195,,2016.12.19,南 | 精装,http://fs.lianjia.com/chengjiao/FS0002243711.html
1,84.8,罗湖花园 4室2厅 135.5平米,中楼层(共8层) 2003年建塔楼,6259,房本满五年,2016.12.17,南 | 简装,http://fs.lianjia.com/chengjiao/FS0002284530.html
1,80,季华花园绿景居（六期） 3室2厅 109.95平米,中楼层(共7层) 塔楼,7277,距广佛线季华园616米,2016.12.17,南 | 其他,http://fs.lianjia.com/chengjiao/FS0002289219.html
1,80,福盛花园 3室1厅 100平米,中楼层(共8层) 1997年建塔楼,8000,房本满五年,2016.12.17,南 | 简装,http://fs.lianjia.com/chengjiao/FS0002143878.html
1,67.8,罗湖花园 3室2厅 104平米,中楼层(共8层) 2003年建塔楼,6520,,2016.12.17,南 | 简装,http://fs.lianjia.com/chengjiao/FS0002298810.html
1,68,玫瑰园玫瑰街1号(北区） 3室1厅 83.16平米,中楼层(共8层) 2001年建塔楼,8178,,2016.12.17,南 北 | 其他,http://fs.lianjia.com/chengjiao/FS0002299705.html
1,132,风度花园 3室2厅 126平米,中楼层(共13层) 2014年建塔楼,10477,,2016.12.17,北 | 其他,http://fs.lianjia.com/chengjiao/FS0002133784.html
1,52,中南花园华桂居 1室1厅 38平米,中楼层(共8层) 2002年建塔楼,13685,房本满五年,2016.12.17,北 | 简装,http://fs.lianjia.com/chengjiao/FS0002191960.html
1,15,河畔花园 1室0厅 20平米,高楼层(共9层) 1997年建塔楼,7500,房本满五年,2016.12.17,东 | 简装,http://fs.lianjia.com/chengjiao/FS0002041242.html
1,75,华侨花园 2室1厅 87平米,中楼层(共8层) 1999年建塔楼,8621,房本满五年,2016.12.17,西南 | 简装,http://fs.lianjia.com/chengjiao/FS0002295720.html
1,185,碧水湾 3室2厅 131平米,高楼层(共15层) 2007年建塔楼,14123,房本满五年,2016.12.16,南 | 精装,http://fs.lianjia.com/chengjiao/FS0002254785.html
1,80,乐晴居 3室2厅 100平米,中楼层(共7层) 2008年建板塔结合,8000,,2016.12.16,南 | 其他,http://fs.lianjia.com/chengjiao/FS0002075025.html
1,65,时代倾城 2室1厅 67.77平米,低楼层(共6层) 2016年建板楼,9592,,2016.12.16,南 | 精装,http://fs.lianjia.com/chengjiao/FS0002279572.html
1,41.5,罗湖花园 3室2厅 68平米,中楼层(共8层) 2003年建塔楼,6103,房本满五年,2016.12.16,东 | 简装,http://fs.lianjia.com/chengjiao/FS0002284722.html
1,47,罗村花苑 3室2厅 79平米,高楼层(共7层) 2000年建塔楼,5950,房本满五年,2016.12.16,东 | 简装,http://fs.lianjia.com/chengjiao/FS0002296695.html
1,66.5,湖畔湾豪庭三期美景阁 2室2厅 78.98平米,中楼层(共8层) 2006年建塔楼,8413,房本满两年,2016.12.16,东 | 简装,http://fs.lianjia.com/chengjiao/FS0002234887.html
1,115,时代倾城 3室2厅 130.33平米,低楼层(共15层) 2016年建塔楼,8824,,2016.12.04,北 | 简装,http://fs.lianjia.com/chengjiao/FS0002274511.html
1,57.5,基业花园 3室2厅 69平米,高楼层(共4层) 塔楼,8334,房本满两年,2016.12.04,南 | 精装,http://fs.lianjia.com/chengjiao/FS0002191759.html
1,80,荟俊苑 3室2厅 112.67平米,低楼层(共7层) 塔楼,7101,房本满五年,2016.12.03,东北 | 精装,http://fs.lianjia.com/chengjiao/FS0002186045.html
1,136,碧桂园城市花园南区 3室2厅 117平米,低楼层(共29层) 2013年建板塔结合,11624,房本满两年,2016.12.03,东 | 毛坯,http://fs.lianjia.com/chengjiao/FS0002191468.html
1,36,风度花园 1室1厅 47.91平米,低楼层(共14层) 2014年建塔楼,7515,,2016.12.02,南 | 其他,http://fs.lianjia.com/chengjiao/FS0002246518.html
1,101,侨都花园 3室2厅 124平米,低楼层(共10层) 1999年建塔楼,8146,距广佛线季华园947米,2016.12.02,南 | 其他,http://fs.lianjia.com/chengjiao/FS0002189424.html
1,80.6,乐然水畔 3室1厅 92.82平米,中楼层(共7层) 2010年建板塔结合,8681,,2016.12.02,东北 | 其他,http://fs.lianjia.com/chengjiao/FS0002188325.html
1,21,丽苑人家 1室1厅 33.58平米,低楼层(共7层) 2001年建板塔结合,6254,,2016.11.30,南 | 精装,http://fs.lianjia.com/chengjiao/FS0002191938.html
1,28,东方广场蓝宝石城 1室0厅 24.15平米,低楼层(共17层) 2001年建塔楼,11595,房本满五年,2016.11.30,东 | 精装,http://fs.lianjia.com/chengjiao/FS0002242170.html
1,74,惠景城小区惠景三街 3室1厅 91.85平米,中楼层(共8层) 1998年建塔楼,8057,"房本满五年,距广佛线魁奇路664米",2016.11.30,南 | 简装,http://fs.lianjia.com/chengjiao/FS0002247256.html
1,39,凯德天伦世嘉 1室1厅 37平米,低楼层(共15层) 2012年建塔楼,10541,,2016.11.30,北 | 简装,http://fs.lianjia.com/chengjiao/FS0002186919.html
1,33.8,罗湖花园 2室1厅 67平米,高楼层(共8层) 2003年建塔楼,5045,,2016.12.29,暂无数据 | 其他,http://fs.lianjia.com/chengjiao/FS0002188911.html
1,153,恒福新城 3室2厅 111平米,低楼层(共22层) 2010年建塔楼,13784,房本满五年,2016.12.29,西南 | 简装,http://fs.lianjia.com/chengjiao/FS0002315406.html
1,118.8,合生君景湾帝泓庭 3室2厅 91.59平米,中楼层(共18层) 2008年建塔楼,12971,房本满两年,2016.12.29,东北 | 精装,http://fs.lianjia.com/chengjiao/FS0002234203.html
1,28,东方广场蓝宝石城 1室0厅 24.15平米,高楼层(共17层) 2001年建塔楼,11595,房本满五年,2016.12.29,东 | 简装,http://fs.lianjia.com/chengjiao/FS0002242147.html
1,48,明珠广场 2室1厅 54平米,高楼层(共8层) 1997年建塔楼,8889,房本满五年,2016.12.29,南 | 简装,http://fs.lianjia.com/chengjiao/FS0002317604.html
1,51,海棠村 2室2厅 82平米,中楼层(共8层) 塔楼,6220,,2016.12.29,南 | 其他,http://fs.lianjia.com/chengjiao/FS0002193952.html
1,60.6,中南花园明湖居 1室0厅 32.5平米,中楼层(共11层) 2002年建塔楼,18647,房本满五年,2016.12.28,北 | 简装,http://fs.lianjia.com/chengjiao/FS0002281464.html
1,130,金碧花园 2室2厅 121平米,高楼层(共12层) 2003年建塔楼,10744,,2016.12.28,南 北 | 精装,http://fs.lianjia.com/chengjiao/FS0002315979.html
1,288,江南名居荣苑 4室2厅 187平米,中楼层(共22层) 2006年建塔楼,15402,房本满五年,2016.12.28,南 | 简装,http://fs.lianjia.com/chengjiao/FS0002248641.html
1,192,丽日玫瑰四期三区 3室2厅 150平米,低楼层(共29层) 2005年建塔楼,12800,距广佛线魁奇路477米,2016.12.28,南 北 | 精装,http://fs.lianjia.com/chengjiao/FS0002318204.html
1,82,阳光人家 2室1厅 64平米,高楼层(共11层) 2002年建塔楼,12813,房本满五年,2016.12.24,西北 | 简装,http://fs.lianjia.com/chengjiao/FS0002270834.html
1,56,海悦新城 1室1厅 51平米,中楼层(共18层) 2010年建塔楼,10981,,2016.12.24,西 | 其他,http://fs.lianjia.com/chengjiao/FS0002309325.html
1,196.5,富丰新城 3室2厅 137平米,低楼层(共32层) 2012年建塔楼,14344,房本满两年,2016.12.24,南 北 | 毛坯,http://fs.lianjia.com/chengjiao/FS0002252542.html
1,34.1,时代倾城 2室1厅 42平米,高楼层(共15层) 2016年建塔楼,8120,,2016.12.24,暂无数据 | 其他,http://fs.lianjia.com/chengjiao/FS0001639537.html
1,90,时代倾城 3室1厅 86.52平米,中楼层(共15层) 2016年建塔楼,10403,房本满五年,2016.12.24,东南 | 精装,http://fs.lianjia.com/chengjiao/FS0002186136.html
1,258,海悦新城 4室2厅 168平米,中楼层(共20层) 2010年建塔楼,15358,,2016.12.24,南 | 其他,http://fs.lianjia.com/chengjiao/FS0001640175.html
1,238,恒福湖景湾 4室2厅 159.75平米,低楼层(共6层) 2003年建板楼,14899,,2016.12.24,南 北 | 其他,http://fs.lianjia.com/chengjiao/FS0002279647.html
1,54.2,同福西二街 3室2厅 106平米,高楼层(共7层) 1995年建塔楼,5109,"房本满两年,距广佛线同济路482米",2016.12.24,东南 | 简装,http://fs.lianjia.com/chengjiao/FS0001791019.html
1,79,盛南新都 2室2厅 70平米,高楼层(共16层) 2013年建塔楼,11286,房本满两年,2016.12.24,西北 | 其他,http://fs.lianjia.com/chengjiao/FS0002301650.html
1,175,江南名居御苑 3室2厅 125平米,中楼层(共23层) 2006年建塔楼,14000,房本满五年,2016.12.23,西 | 精装,http://fs.lianjia.com/chengjiao/FS0002239896.html
1,106,康怡丽苑一期 2室2厅 77.85平米,低楼层(共11层) 2006年建塔楼,13616,,2016.12.23,西南 | 其他,http://fs.lianjia.com/chengjiao/FS0002303998.html
1,80.8,锦隆花园 2室1厅 60.09平米,中楼层(共15层) 2012年建塔楼,13447,"房本满两年,距广佛线普君北路730米",2016.12.10,南 | 简装,http://fs.lianjia.com/chengjiao/FS0002226320.html
1,72.7,兴业新村兴晖苑 3室2厅 89.55平米,高楼层(共8层) 2002年建塔楼,8119,房本满五年,2016.12.10,北 | 简装,http://fs.lianjia.com/chengjiao/FS0002281544.html
1,116,怡翠世嘉花园 2室2厅 79平米,中楼层(共39层) 2012年建塔楼,14684,房本满两年,2016.12.10,西北 | 精装,http://fs.lianjia.com/chengjiao/FS0002096506.html
1,145,怡翠玫瑰园 3室2厅 120平米,高楼层(共16层) 2004年建塔楼,12084,房本满五年,2016.12.10,北 | 精装,http://fs.lianjia.com/chengjiao/FS0002096990.html
1,42.5,盈彩美居 1室0厅 50平米,中楼层(共25层) 塔楼,8483,,2016.12.10,南 | 简装,http://fs.lianjia.com/chengjiao/FS0002151823.html
1,145,碧水湾 3室1厅 104.81平米,中楼层(共11层) 2007年建塔楼,13835,房本满五年,2016.12.09,西北 | 精装,http://fs.lianjia.com/chengjiao/FS0002285400.html
1,35,帝锋康庭 2室1厅 51平米,中楼层(共20层) 2008年建板塔结合,6863,,2016.12.09,南 | 简装,http://fs.lianjia.com/chengjiao/FS0002074687.html
1,71,金威郦都 2室2厅 80.14平米,低楼层(共21层) 2012年建塔楼,8860,,2016.12.08,西南 | 简装,http://fs.lianjia.com/chengjiao/FS0002284824.html
1,40,罗湖花园 2室1厅 76.09平米,高楼层(共9层) 2003年建塔楼,5257,,2016.12.08,东北 | 简装,http://fs.lianjia.com/chengjiao/FS0002057772.html
1,43.5,保利香槟花园A区 1室1厅 40平米,低楼层(共17层) 2012年建塔楼,10875,房本满两年,2016.12.08,南 | 简装,http://fs.lianjia.com/chengjiao/FS0002153153.html
1,117,保利香槟花园A区 3室2厅 92.26平米,中楼层(共16层) 2012年建塔楼,12682,房本满五年,2016.12.08,南 | 精装,http://fs.lianjia.com/chengjiao/FS0002268993.html
1,41.5,罗湖花园 3室2厅 68平米,中楼层(共8层) 2003年建塔楼,6103,房本满五年,2016.12.16,东 | 简装,http://fs.lianjia.com/chengjiao/FS0002284722.html
1,47,罗村花苑 3室2厅 79平米,高楼层(共7层) 2000年建塔楼,5950,房本满五年,2016.12.16,东 | 简装,http://fs.lianjia.com/chengjiao/FS0002296695.html
1,207,时代倾城 5室2厅 208平米,低楼层(共1层) 2016年建塔楼,9952,房本满五年,2016.12.16,北 | 毛坯,http://fs.lianjia.com/chengjiao/FS0002298735.html
1,80,碧桂花城翠湖畔一区二街 2室2厅 80平米,低楼层(共7层) 2001年建塔楼,10000,房本满五年,2016.12.15,南 | 简装,http://fs.lianjia.com/chengjiao/FS0002187953.html
1,248,江南名居荣苑 4室2厅 186平米,中楼层(共19层) 2006年建塔楼,13334,房本满五年,2016.12.15,南 北 | 简装,http://fs.lianjia.com/chengjiao/FS0002295382.html
1,142.8,江南名居泓苑 3室2厅 100平米,高楼层(共16层) 2006年建塔楼,14280,房本满两年,2016.12.15,南 | 精装,http://fs.lianjia.com/chengjiao/FS0002296426.html
1,210,江南名居荣苑 3室2厅 141平米,高楼层(共22层) 2006年建塔楼,14894,房本满五年,2016.12.15,南 | 精装,http://fs.lianjia.com/chengjiao/FS0002066144.html
1,90,慧港国际 2室2厅 87平米,低楼层(共23层) 2008年建塔楼,10345,房本满两年,2016.12.15,南 | 毛坯,http://fs.lianjia.com/chengjiao/FS0002260797.html
1,66.6,河畔花园 3室1厅 79平米,低楼层(共9层) 1997年建塔楼,8431,,2016.12.15,南 | 其他,http://fs.lianjia.com/chengjiao/FS0002234389.html
1,43.6,凯德天伦世嘉 1室1厅 40平米,高楼层(共15层) 2012年建塔楼,10900,,2016.12.15,北 | 其他,http://fs.lianjia.com/chengjiao/FS0002194044.html
1,82,名苑华庭 2室2厅 83平米,中楼层(共17层) 2003年建塔楼,9880,距广佛线祖庙1076米,2016.11.30,南 | 简装,http://fs.lianjia.com/chengjiao/FS0002269257.html
1,138.5,富丰新城 3室2厅 89平米,高楼层(共30层) 2012年建塔楼,15562,,2016.11.30,南 | 其他,http://fs.lianjia.com/chengjiao/FS0002145032.html
1,39.5,锦隆花园 1室0厅 49.36平米,中楼层(共11层) 2012年建塔楼,8003,"房本满五年,距广佛线普君北路928米",2016.11.30,南 | 精装,http://fs.lianjia.com/chengjiao/FS0002234769.html
1,150,怡翠玫瑰园 3室2厅 120平米,中楼层(共18层) 2004年建塔楼,12500,房本满五年,2016.11.30,南 | 简装,http://fs.lianjia.com/chengjiao/FS0002262587.html
1,33,唐园东一街 2室2厅 64.6平米,高楼层(共9层) 1996年建塔楼,5109,距广佛线同济路341米,2016.11.30,南 | 其他,http://fs.lianjia.com/chengjiao/FS0002188295.html
1,92,珠江半岛花园 2室1厅 74.42平米,中楼层(共8层) 2000年建塔楼,12363,房本满五年,2016.11.30,西 | 精装,http://fs.lianjia.com/chengjiao/FS0002263013.html
1,63,丽苑小区 2室2厅 92平米,中楼层(共8层) 塔楼,6848,房本满五年,2016.11.29,南 | 简装,http://fs.lianjia.com/chengjiao/FS0002245894.html
1,148,万科金色家园拥翠 2室2厅 90.14平米,中楼层(共24层) 2006年建塔楼,16419,房本满五年,2016.11.29,南 | 简装,http://fs.lianjia.com/chengjiao/FS0002195091.html
1,144,中海锦城国际花园3街 2室2厅 75.31平米,高楼层(共11层) 2015年建塔楼,19121,,2016.11.29,东北 | 精装,http://fs.lianjia.com/chengjiao/FS0002008045.html
1,132,碧琴湾 3室2厅 112.38平米,中楼层(共11层) 2005年建塔楼,11746,,2016.11.29,北 | 简装,http://fs.lianjia.com/chengjiao/FS0002242356.html
1,109,世纪名轩 3室2厅 131.89平米,低楼层(共19层) 2006年建塔楼,8265,房本满五年,2016.11.29,东北 | 精装,http://fs.lianjia.com/chengjiao/FS0002249604.html
1,49.8,嘉乐花园嘉辉阁 2室1厅 68平米,高楼层(共9层) 2000年建塔楼,7324,房本满两年,2017.01.09,东南 | 简装,http://fs.lianjia.com/chengjiao/FS0002193913.html
1,79,玫瑰园金华路5号（八期） 3室2厅 111平米,高楼层(共8层) 2001年建塔楼,7118,房本满五年,2017.01.09,南 北 | 简装,http://fs.lianjia.com/chengjiao/FS0002187776.html
1,72.8,荟景园1号楼 3室2厅 107平米,高楼层(共8层) 2000年建塔楼,6804,"房本满五年,距广佛线同济路737米",2017.01.09,南 北 | 简装,http://fs.lianjia.com/chengjiao/FS0001696590.html
1,96.8,禅城名雅花园 3室2厅 101.87平米,中楼层(共8层) 塔楼,9503,房本满五年,2017.01.09,南 北 | 简装,http://fs.lianjia.com/chengjiao/FS0002323658.html
1,81,水悦城邦 2室1厅 55平米,中楼层(共17层) 2007年建塔楼,14728,房本满五年,2017.01.09,西北 | 精装,http://fs.lianjia.com/chengjiao/FS0002187805.html
1,82,湖畔湾豪庭三期丽茵阁 3室1厅 104平米,高楼层(共7层) 2006年建塔楼,7885,,2017.01.09,北 | 简装,http://fs.lianjia.com/chengjiao/FS0002310518.html
1,120,中恒海晖城 3室1厅 118.56平米,中楼层(共18层) 2012年建塔楼,10122,房本满五年,2017.01.09,南 | 其他,http://fs.lianjia.com/chengjiao/FS0002291075.html
1,125,东方水岸 3室2厅 103平米,高楼层(共11层) 2007年建塔楼,12136,,2017.01.09,西 | 毛坯,http://fs.lianjia.com/chengjiao/FS0002330826.html
1,72,桂丹颐景园 3室2厅 89平米,低楼层(共32层) 2016年建塔楼,8090,房本满两年,2017.01.09,北 | 毛坯,http://fs.lianjia.com/chengjiao/FS0002332125.html
1,153,沙面新城 4室1厅 118平米,高楼层(共13层) 2003年建塔楼,12967,房本满五年,2017.01.09,东 | 简装,http://fs.lianjia.com/chengjiao/FS0002329650.html
1,70,怡富广场 2室1厅 69.68平米,中楼层(共8层) 1999年建塔楼,10046,房本满五年,2017.01.09,南 北 | 简装,http://fs.lianjia.com/chengjiao/FS0002329748.html
1,120,盛南新都 3室2厅 88.36平米,高楼层(共31层) 2013年建塔楼,13581,距广佛线魁奇路1100米,2016.11.28,西南 | 毛坯,http://fs.lianjia.com/chengjiao/FS0002194664.html
1,433,中海千灯湖花园 5室2厅 210.99平米,高楼层(共44层) 2013年建塔楼,20523,,2016.11.28,南 | 毛坯,http://fs.lianjia.com/chengjiao/FS0002243361.html
1,55,基业花园 3室1厅 68.9平米,高楼层(共4层) 塔楼,7983,房本满五年,2016.11.28,南 | 简装,http://fs.lianjia.com/chengjiao/FS0002191730.html
1,87,普君新城普君东路6号 2室1厅 70.49平米,低楼层(共31层) 2010年建塔楼,12343,距广佛线普君北路376米,2016.11.27,北 | 简装,http://fs.lianjia.com/chengjiao/FS0002186853.html
1,50,黄岐名雅花园 2室1厅 58平米,高楼层(共8层) 2000年建塔楼,8621,,2016.11.27,南 | 简装,http://fs.lianjia.com/chengjiao/FS0002237729.html
1,31,东方广场蓝宝石城 1室0厅 30.27平米,低楼层(共17层) 2001年建塔楼,10242,房本满五年,2016.11.26,东 | 简装,http://fs.lianjia.com/chengjiao/FS0002242196.html
1,71,丽日家园一期 3室2厅 91平米,中楼层(共10层) 2006年建塔楼,7803,房本满五年,2016.11.25,南 | 其他,http://fs.lianjia.com/chengjiao/FS0002191571.html
1,87.6,华翠苑 3室2厅 112平米,中楼层(共7层) 塔楼,7822,,2016.11.25,南 | 简装,http://fs.lianjia.com/chengjiao/FS0002192440.html
1,130,南海颐景园春雨苑 2室2厅 79平米,中楼层(共27层) 2007年建塔楼,16456,距广佛线南桂路956米,2016.11.25,南 | 简装,http://fs.lianjia.com/chengjiao/FS0002257742.html
1,61.6,中恒海晖城 3室2厅 90平米,中楼层(共17层) 2012年建塔楼,6845,,2016.11.25,北 | 精装,http://fs.lianjia.com/chengjiao/FS0002044971.html
1,85,恒福花园 2室1厅 68.65平米,中楼层(共8层) 2002年建塔楼,12382,,2016.12.28,南 | 简装,http://fs.lianjia.com/chengjiao/FS0002318502.html
1,290,海景蓝湾 4室2厅 182平米,高楼层(共28层) 2011年建塔楼,15935,房本满两年,2016.12.28,南 北 | 毛坯,http://fs.lianjia.com/chengjiao/FS0002196846.html
1,223,碧桂园城市花园南区 3室2厅 147平米,中楼层(共32层) 2013年建板塔结合,15171,房本满五年,2016.12.28,南 | 毛坯,http://fs.lianjia.com/chengjiao/FS0002195106.html
1,60,江南名居熙苑 1室0厅 48平米,中楼层(共22层) 2006年建塔楼,12500,房本满五年,2016.12.28,南 | 简装,http://fs.lianjia.com/chengjiao/FS0001997856.html
1,100,兴业新村兴雅苑 3室2厅 122平米,高楼层(共8层) 2002年建塔楼,8197,房本满五年,2016.12.27,南 北 | 毛坯,http://fs.lianjia.com/chengjiao/FS0002247104.html
1,27,金沙新城一街二号 2室1厅 55.23平米,高楼层(共7层) 2001年建塔楼,4889,房本满五年,2016.12.27,南 | 简装,http://fs.lianjia.com/chengjiao/FS0002252510.html
1,127,东江花苑 3室2厅 108平米,中楼层(共10层) 2009年建塔楼,11760,,2016.12.27,南 | 其他,http://fs.lianjia.com/chengjiao/FS0002280960.html
1,236,怡翠花园翠竹苑 4室2厅 175.5平米,低楼层(共12层) 2005年建塔楼,13448,"房本满五年,距广佛线南桂路656米",2016.12.27,南 北 | 精装,http://fs.lianjia.com/chengjiao/FS0002186456.html
1,240,富丰新城 3室2厅 143平米,中楼层(共32层) 2012年建塔楼,16784,,2016.12.27,南 北 | 简装,http://fs.lianjia.com/chengjiao/FS0002274037.html
1,130,星星华园国际 2室2厅 75.79平米,高楼层(共29层) 2013年建塔楼,17153,"房本满两年,距广佛线季华园493米",2016.12.27,北 | 精装,http://fs.lianjia.com/chengjiao/FS0002186165.html
1,92,锦隆花园 2室1厅 66.12平米,低楼层(共15层) 2012年建塔楼,13915,"房本满两年,距广佛线普君北路730米",2016.12.27,南 北 | 简装,http://fs.lianjia.com/chengjiao/FS0002193741.html
1,83,威斯广场峰景 3室2厅 90平米,中楼层(共25层) 2005年建塔楼,9223,房本满两年,2016.12.23,南 | 简装,http://fs.lianjia.com/chengjiao/FS0002273092.html
1,70,中恒海晖城 3室2厅 88平米,高楼层(共16层) 2012年建塔楼,7955,,2016.12.23,北 | 毛坯,http://fs.lianjia.com/chengjiao/FS0002195151.html
1,65,红棉新村 3室2厅 96.66平米,中楼层(共8层) 1993年建塔楼,6725,"房本满五年,距广佛线祖庙874米",2016.12.23,南 北 | 精装,http://fs.lianjia.com/chengjiao/FS0002291632.html
1,140,富丰新城 3室2厅 89平米,高楼层(共32层) 2012年建塔楼,15731,,2016.12.22,南 | 精装,http://fs.lianjia.com/chengjiao/FS0002273988.html
1,60,富丰新城 1室1厅 58平米,高楼层(共32层) 2012年建塔楼,10345,,2016.12.22,东北 | 其他,http://fs.lianjia.com/chengjiao/FS0001991308.html
1,115,恒福新城 3室2厅 83平米,中楼层(共17层) 2010年建塔楼,13856,房本满五年,2016.12.22,北 | 简装,http://fs.lianjia.com/chengjiao/FS0002274101.html
1,140,富丰新城 2室1厅 88平米,高楼层(共32层) 2012年建塔楼,15910,,2016.12.22,南 | 其他,http://fs.lianjia.com/chengjiao/FS0001946350.html
1,135,禅城绿地中心 3室2厅 87平米,高楼层(共32层) 2015年建塔楼,15518,房本满两年,2016.12.22,南 | 毛坯,http://fs.lianjia.com/chengjiao/FS0002124241.html
1,145,保利东湾东悦花园 3室2厅 103平米,高楼层(共20层) 2014年建塔楼,14078,房本满两年,2016.12.22,西南 | 毛坯,http://fs.lianjia.com/chengjiao/FS0002194918.html
1,80,碧桂花城泰和苑三街 3室1厅 80.1平米,高楼层(共7层) 2001年建塔楼,9988,房本满五年,2016.12.21,东南 | 精装,http://fs.lianjia.com/chengjiao/FS0002191770.html
1,23.5,时代倾城 1室0厅 30平米,高楼层(共15层) 2016年建塔楼,7834,房本满两年,2016.12.21,东 | 简装,http://fs.lianjia.com/chengjiao/FS0002186851.html
1,76,佛山奥园贝沙轩 2室2厅 90平米,高楼层(共16层) 2008年建塔楼,8445,房本满五年,2016.12.08,南 | 简装,http://fs.lianjia.com/chengjiao/FS0002274983.html
1,250,中海锦城国际花园2街 3室2厅 123平米,高楼层(共33层) 2015年建塔楼,20326,,2016.12.08,南 北 | 精装,http://fs.lianjia.com/chengjiao/FS0002189777.html
1,236.8,中海万锦东苑 3室2厅 147.99平米,低楼层(共30层) 2012年建塔楼,16000,"房本满两年,距广佛线南桂路759米",2016.12.08,南 | 毛坯,http://fs.lianjia.com/chengjiao/FS0001801244.html
1,208,地铁金融城 2室1厅 91.02平米,高楼层(共40层) 2013年建塔楼,22853,距广佛线金融高新区224米,2016.12.08,北 | 其他,http://fs.lianjia.com/chengjiao/FS0002194319.html
1,155,碧桂园城市花园南区 3室2厅 106平米,中楼层(共29层) 2013年建板塔结合,14623,房本满两年,2016.12.08,西 | 精装,http://fs.lianjia.com/chengjiao/FS0002280363.html
1,61,桂丹颐景园 3室2厅 94平米,低楼层(共31层) 2016年建塔楼,6490,,2016.12.08,南 | 其他,http://fs.lianjia.com/chengjiao/FS0002195137.html
1,78,罗湖花园 4室2厅 136平米,中楼层(共8层) 2003年建塔楼,5736,房本满五年,2016.12.07,南 | 简装,http://fs.lianjia.com/chengjiao/FS0002249026.html
1,74.4,鸿业城市花园 1室1厅 64平米,中楼层(共23层) 2011年建塔楼,11622,房本满五年,2016.12.07,北 | 其他,http://fs.lianjia.com/chengjiao/FS0002189341.html
1,68,中恒海晖城 3室2厅 90平米,高楼层(共17层) 2012年建塔楼,7556,,2016.12.07,南 | 其他,http://fs.lianjia.com/chengjiao/FS0002187761.html
1,41.8,凯德天伦世嘉 1室1厅 37平米,高楼层(共15层) 2012年建塔楼,11298,房本满两年,2016.12.07,北 | 精装,http://fs.lianjia.com/chengjiao/FS0002191999.html
1,158,保利西雅图 3室2厅 97平米,高楼层(共32层) 2016年建塔楼,16289,,2016.12.07,东北 | 精装,http://fs.lianjia.com/chengjiao/FS0002226322.html
1,100,丽丰花园 3室2厅 128平米,低楼层(共7层) 2001年建塔楼,7813,房本满五年,2016.12.15,南 北 | 其他,http://fs.lianjia.com/chengjiao/FS0002191957.html
1,28.8,东方广场蓝宝石城 1室0厅 24.15平米,中楼层(共17层) 2001年建塔楼,11926,,2016.12.14,北 | 简装,http://fs.lianjia.com/chengjiao/FS0002197867.html
1,46,时代倾城 2室1厅 56.03平米,低楼层(共13层) 2016年建塔楼,8210,房本满五年,2016.12.14,南 北 | 简装,http://fs.lianjia.com/chengjiao/FS0002261676.html
1,38,罗湖花园 2室1厅 74平米,高楼层(共8层) 2003年建塔楼,5136,,2016.12.14,东南 | 简装,http://fs.lianjia.com/chengjiao/FS0002187900.html
1,74,时代倾城 4室2厅 90.83平米,低楼层(共13层) 2016年建塔楼,8148,房本满五年,2016.12.14,南 北 | 简装,http://fs.lianjia.com/chengjiao/FS0002186533.html
1,83,威斯广场紫云轩 3室2厅 107平米,高楼层(共7层) 2005年建塔楼,7758,房本满两年,2016.12.13,南 | 精装,http://fs.lianjia.com/chengjiao/FS0002195045.html
1,38.8,花苑广场 2室2厅 50平米,高楼层(共7层) 2000年建塔楼,7760,"房本满五年,距广佛线南桂路405米",2016.12.13,南 | 简装,http://fs.lianjia.com/chengjiao/FS0002121634.html
1,64.3,康格斯花园紫荆苑 2室2厅 86平米,中楼层(共18层) 2009年建塔楼,7477,,2016.12.13,东 | 简装,http://fs.lianjia.com/chengjiao/FS0002239942.html
1,77,罗村风度广场 2室2厅 75平米,高楼层(共13层) 2012年建塔楼,10267,,2016.12.13,南 | 其他,http://fs.lianjia.com/chengjiao/FS0002245953.html
1,32.5,怡东花园 2室1厅 67.44平米,高楼层(共5层) 2000年建板楼,4820,距广佛线普君北路975米,2016.12.12,暂无数据 | 简装,http://fs.lianjia.com/chengjiao/FS0001827270.html
1,58.8,锦隆花园 2室2厅 58平米,中楼层(共13层) 2012年建塔楼,10138,"房本满五年,距广佛线普君北路905米",2016.11.29,北 | 精装,http://fs.lianjia.com/chengjiao/FS0002069473.html
1,38,罗湖花园 3室2厅 77平米,高楼层(共8层) 2003年建塔楼,4936,,2016.11.29,南 | 精装,http://fs.lianjia.com/chengjiao/FS0002186501.html
1,108.5,碧琴湾 2室2厅 88.35平米,中楼层(共11层) 2005年建塔楼,12281,,2016.11.28,北 | 其他,http://fs.lianjia.com/chengjiao/FS0002252891.html
1,45,紫荆南苑 1室1厅 37.37平米,中楼层(共7层) 2005年建板塔结合,12042,,2016.11.28,东 | 其他,http://fs.lianjia.com/chengjiao/FS0002263285.html
1,100,钻石苑 2室2厅 91.98平米,高楼层(共13层) 1999年建塔楼,10872,房本满两年,2016.11.28,南 | 精装,http://fs.lianjia.com/chengjiao/FS0002235999.html
1,14.1,嘉洲花园东区 1室1厅 19.98平米,高楼层(共8层) 2010年建塔楼,7048,,2016.11.28,暂无数据 | 其他,http://fs.lianjia.com/chengjiao/FS0002194146.html
1,76,中恒海晖城 3室2厅 118平米,高楼层(共18层) 2012年建塔楼,6441,,2016.11.28,暂无数据 | 其他,http://fs.lianjia.com/chengjiao/FS0002188955.html
1,98,顺联新城花园 3室2厅 121.85平米,中楼层(共14层) 2010年建板塔结合,8043,房本满两年,2016.11.28,南 | 毛坯,http://fs.lianjia.com/chengjiao/FS0002189831.html
1,155,富丰新城 3室2厅 89平米,低楼层(共32层) 2012年建塔楼,17416,,2017.01.08,南 北 | 简装,http://fs.lianjia.com/chengjiao/FS0002324808.html
1,114.5,保利香槟花园B区 3室2厅 90.27平米,高楼层(共16层) 2012年建塔楼,12685,房本满两年,2017.01.08,东 | 简装,http://fs.lianjia.com/chengjiao/FS0002292169.html
1,165,康怡丽苑二期 3室2厅 120平米,高楼层(共20层) 2006年建塔楼,13750,房本满五年,2017.01.08,北 | 简装,http://fs.lianjia.com/chengjiao/FS0002233208.html
1,170,康怡花园 3室2厅 130平米,高楼层(共16层) 2003年建塔楼,13077,房本满五年,2017.01.08,东南 | 简装,http://fs.lianjia.com/chengjiao/FS0002327248.html
1,52,桂丹颐景园 2室2厅 82平米,高楼层(共32层) 2016年建塔楼,6342,,2017.01.07,东南 | 毛坯,http://fs.lianjia.com/chengjiao/FS0002120869.html
1,109,碧琴湾 2室2厅 84.99平米,高楼层(共11层) 2005年建塔楼,12826,,2017.01.06,北 | 精装,http://fs.lianjia.com/chengjiao/FS0002317600.html
1,72,玫瑰园 3室2厅 81.94平米,中楼层(共8层) 2001年建塔楼,8787,房本满两年,2017.01.06,南 北 | 简装,http://fs.lianjia.com/chengjiao/FS0002262345.html
1,96,南浦新村 3室2厅 115平米,高楼层(共9层) 1998年建塔楼,8348,距广佛线普君北路1046米,2017.01.06,南 | 精装,http://fs.lianjia.com/chengjiao/FS0001819138.html
1,184,普君新城普祥路8号 3室2厅 130平米,高楼层(共29层) 2010年建塔楼,14154,距广佛线普君北路334米,2017.01.06,东南 | 精装,http://fs.lianjia.com/chengjiao/FS0002234342.html
1,144,依岸康堤花园 3室2厅 89平米,高楼层(共32层) 塔楼,16180,,2017.01.06,北 | 其他,http://fs.lianjia.com/chengjiao/FS0002318428.html
1,191,瑞丽花园 3室2厅 151平米,低楼层(共9层) 2002年建塔楼,12650,,2016.11.25,南 | 简装,http://fs.lianjia.com/chengjiao/FS0001988880.html
1,110.5,康怡花园 2室2厅 85平米,高楼层(共17层) 2003年建塔楼,13000,房本满五年,2016.11.25,东北 | 其他,http://fs.lianjia.com/chengjiao/FS0002191952.html
1,155,沙面新城 3室1厅 111.57平米,中楼层(共13层) 2003年建塔楼,13893,房本满五年,2016.11.25,南 | 简装,http://fs.lianjia.com/chengjiao/FS0002249389.html
1,90,嘉乐花园紫竹阁 3室1厅 84平米,低楼层(共9层) 2000年建塔楼,10715,房本满五年,2016.11.24,南 | 简装,http://fs.lianjia.com/chengjiao/FS0002248441.html
1,97,时代倾城 3室2厅 89.07平米,低楼层(共15层) 2016年建塔楼,10891,房本满五年,2016.11.24,南 | 精装,http://fs.lianjia.com/chengjiao/FS0002244450.html
1,84.8,长信银湾 3室2厅 92平米,高楼层(共18层) 2013年建塔楼,9218,,2016.11.24,北 | 其他,http://fs.lianjia.com/chengjiao/FS0002256307.html
1,138,依云水岸三期 3室2厅 90平米,高楼层(共41层) 2011年建塔楼,15334,,2016.11.24,南 | 其他,http://fs.lianjia.com/chengjiao/FS0002191983.html
1,100,名苑华庭 3室2厅 105平米,低楼层(共5层) 2003年建板楼,9524,距广佛线祖庙1007米,2016.11.24,南 | 简装,http://fs.lianjia.com/chengjiao/FS0002007172.html
1,155,恒福新城 3室2厅 115平米,高楼层(共22层) 2010年建塔楼,13479,房本满五年,2016.11.23,西南 | 其他,http://fs.lianjia.com/chengjiao/FS0002232975.html
1,61,荟丽精英城 2室1厅 82平米,高楼层(共13层) 2006年建塔楼,7440,,2016.11.23,南 | 简装,http://fs.lianjia.com/chengjiao/FS0002247097.html
1,123,恒福新城 3室2厅 83平米,中楼层(共17层) 2010年建塔楼,14820,,2016.12.27,北 | 简装,http://fs.lianjia.com/chengjiao/FS0002312008.html
1,87.5,普君新城普祥路10号 2室1厅 61.4平米,高楼层(共31层) 2010年建塔楼,14251,距广佛线普君北路630米,2016.12.27,南 北 | 精装,http://fs.lianjia.com/chengjiao/FS0002310438.html
1,52.4,金宇名都 2室1厅 61.29平米,高楼层(共19层) 2009年建塔楼,8550,房本满两年,2016.12.27,南 | 简装,http://fs.lianjia.com/chengjiao/FS0001689125.html
1,53,桂丹颐景园 3室1厅 89平米,低楼层(共33层) 2016年建塔楼,5956,,2016.12.27,南 | 其他,http://fs.lianjia.com/chengjiao/FS0002194654.html
1,158,碧水湾 3室2厅 130.38平米,中楼层(共11层) 2007年建塔楼,12119,房本满两年,2016.12.26,南 | 简装,http://fs.lianjia.com/chengjiao/FS0002313887.html
1,105,兴业新村兴隆苑 4室2厅 127平米,高楼层(共7层) 2002年建塔楼,8268,房本满五年,2016.12.26,南 北 | 简装,http://fs.lianjia.com/chengjiao/FS0002186056.html
1,100,欧浦皇庭 3室1厅 132平米,低楼层(共25层) 2012年建板塔结合,7576,,2016.12.26,南 北 | 毛坯,http://fs.lianjia.com/chengjiao/FS0002186889.html
1,192,佳兆业滨江一号（佳兆业水岸新都花园） 3室2厅 90平米,低楼层(共34层) 2014年建塔楼,21334,,2016.12.26,南 | 其他,http://fs.lianjia.com/chengjiao/FS0002284814.html
1,133,禅城绿地中心 2室2厅 87平米,低楼层(共33层) 2015年建塔楼,15288,房本满两年,2016.12.26,东南 | 毛坯,http://fs.lianjia.com/chengjiao/FS0002257262.html
1,36,时代倾城 1室1厅 42平米,高楼层(共15层) 2016年建塔楼,8572,,2016.12.21,东 | 精装,http://fs.lianjia.com/chengjiao/FS0002257729.html
1,52,玫瑰园 2室2厅 82平米,高楼层(共8层) 2001年建塔楼,6342,房本满五年,2016.12.21,南 | 简装,http://fs.lianjia.com/chengjiao/FS0002194569.html
1,185,丽日玫瑰四期三区 3室2厅 134.4平米,高楼层(共23层) 2005年建塔楼,13765,"房本满五年,距广佛线魁奇路442米",2016.12.21,南 | 精装,http://fs.lianjia.com/chengjiao/FS0002301317.html
1,65,罗湖花园乐怡居 3室1厅 92.81平米,中楼层(共8层) 2003年建塔楼,7004,,2016.12.21,北 | 简装,http://fs.lianjia.com/chengjiao/FS0002281151.html
1,67,玫瑰园玫瑰街20号（北区） 2室2厅 80.91平米,中楼层(共8层) 2001年建塔楼,8281,,2016.12.21,南 | 简装,http://fs.lianjia.com/chengjiao/FS0002303890.html
1,89,风度花园 3室2厅 112平米,中楼层(共14层) 2014年建塔楼,7947,,2016.12.21,东北 | 毛坯,http://fs.lianjia.com/chengjiao/FS0002296210.html
1,178,雅居乐御景名门 3室2厅 90平米,中楼层(共32层) 2012年建塔楼,19778,房本满两年,2016.12.21,南 | 毛坯,http://fs.lianjia.com/chengjiao/FS0002303467.html
1,67.8,怡富广场 2室1厅 70平米,中楼层(共8层) 1999年建塔楼,9686,房本满五年,2016.12.21,南 | 简装,http://fs.lianjia.com/chengjiao/FS0002303466.html
1,240,江南名居御苑 4室2厅 160.28平米,中楼层(共23层) 2006年建塔楼,14974,房本满五年,2016.12.06,东 | 精装,http://fs.lianjia.com/chengjiao/FS0002264168.html
1,60.8,翠湖绿洲花园 2室1厅 91平米,低楼层(共11层) 2010年建塔楼,6682,,2016.12.06,南 | 其他,http://fs.lianjia.com/chengjiao/FS0001861436.html
1,61,桂南名都 1室1厅 43平米,中楼层(共28层) 2007年建塔楼,14187,"房本满两年,距广佛线南桂路99米",2016.12.06,南 | 精装,http://fs.lianjia.com/chengjiao/FS0002187330.html
1,43.8,罗湖花园 2室1厅 78平米,高楼层(共8层) 2003年建塔楼,5616,房本满五年,2016.12.06,暂无数据 | 简装,http://fs.lianjia.com/chengjiao/FS0002239576.html
1,90,风度花园 3室2厅 111平米,低楼层(共14层) 2014年建塔楼,8109,,2016.12.05,北 | 毛坯,http://fs.lianjia.com/chengjiao/FS0002252245.html
1,298,中海万锦豪园金楠街 3室2厅 148.66平米,低楼层(共26层) 2005年建塔楼,20046,"房本满五年,距广佛线千灯湖571米",2016.12.05,西南 | 精装,http://fs.lianjia.com/chengjiao/FS0002174130.html
1,26.5,金宇名都 1室1厅 26平米,高楼层(共18层) 2009年建平房,10193,,2016.12.05,东北 | 简装,http://fs.lianjia.com/chengjiao/FS0002193216.html
1,87,钻石苑 2室2厅 92.5平米,低楼层(共15层) 1999年建塔楼,9406,"房本满五年,距广佛线祖庙258米",2016.12.04,南 | 简装,http://fs.lianjia.com/chengjiao/FS0002272443.html
1,225,康怡丽苑二期 4室2厅 168平米,高楼层(共22层) 2006年建塔楼,13393,房本满五年,2016.12.12,南 | 精装,http://fs.lianjia.com/chengjiao/FS0002193632.html
1,15.5,河畔花园 1室1厅 19.3平米,中楼层(共9层) 1997年建塔楼,8032,房本满五年,2016.12.12,东 | 简装,http://fs.lianjia.com/chengjiao/FS0002258962.html
1,25,时代倾城 1室1厅 32平米,高楼层(共15层) 2016年建塔楼,7813,房本满五年,2016.12.12,东 | 简装,http://fs.lianjia.com/chengjiao/FS0002186100.html
1,26.8,时代倾城 1室1厅 42平米,低楼层(共15层) 2016年建塔楼,6381,,2016.12.12,南 | 其他,http://fs.lianjia.com/chengjiao/FS0002188347.html
1,98,丽日华庭 3室2厅 122.39平米,高楼层(共6层) 2003年建板楼,8008,房本满五年,2016.12.12,东 | 简装,http://fs.lianjia.com/chengjiao/FS0002279735.html
1,62.6,黄岐第一城 1室1厅 44平米,低楼层(共8层) 1997年建塔楼,14228,,2016.12.11,西 | 简装,http://fs.lianjia.com/chengjiao/FS0002287136.html
1,98,恒福新城 2室1厅 75平米,低楼层(共22层) 2010年建塔楼,13067,房本满五年,2016.12.10,西南 | 精装,http://fs.lianjia.com/chengjiao/FS0002269594.html
1,55,花园二街 3室2厅 99平米,高楼层(共8层) 塔楼,5556,房本满五年,2016.12.10,南 北 | 简装,http://fs.lianjia.com/chengjiao/FS0002286924.html
1,135,碧云天 3室2厅 167平米,中楼层(共11层) 2003年建塔楼,8084,距广佛线魁奇路1110米,2016.12.10,北 | 毛坯,http://fs.lianjia.com/chengjiao/FS0002287755.html
1,88,合生君景湾君逸庭 2室2厅 79.18平米,低楼层(共11层) 2008年建塔楼,11114,,2016.12.10,北 | 其他,http://fs.lianjia.com/chengjiao/FS0002153922.html
1,53,长信东海银湾 1室0厅 38.66平米,低楼层(共30层) 2015年建塔楼,13710,,2017.01.05,西 | 其他,http://fs.lianjia.com/chengjiao/FS0002327773.html
1,210,富丰新城 3室2厅 137平米,高楼层(共32层) 2012年建塔楼,15329,,2017.01.05,南 北 | 毛坯,http://fs.lianjia.com/chengjiao/FS0002197868.html
1,98,逸彩美寓 2室2厅 95平米,高楼层(共17层) 2010年建塔楼,10316,"房本满五年,距广佛线祖庙570米",2017.01.05,南 北 | 简装,http://fs.lianjia.com/chengjiao/FS0002166271.html
1,33,惠景城小区惠景二街 2室1厅 52平米,高楼层(共8层) 1998年建塔楼,6347,"房本满五年,距广佛线魁奇路868米",2017.01.05,南 | 毛坯,http://fs.lianjia.com/chengjiao/FS0002300499.html
1,70,绿茵花苑 2室2厅 98平米,高楼层(共5层) 2004年建板楼,7143,距广佛线季华园574米,2017.01.05,东 | 简装,http://fs.lianjia.com/chengjiao/FS0002102127.html
1,115,中恒海晖城 3室2厅 138平米,低楼层(共25层) 2012年建塔楼,8334,,2017.01.05,南 | 其他,http://fs.lianjia.com/chengjiao/FS0002160496.html
1,48,中恒海晖城 2室2厅 74.41平米,低楼层(共16层) 2012年建塔楼,6451,,2017.01.05,南 | 毛坯,http://fs.lianjia.com/chengjiao/FS0002196579.html
1,36,汇博星辰 1室0厅 40平米,中楼层(共19层) 2007年建塔楼,9000,"房本满五年,距广佛线同济路579米",2017.01.05,东 | 简装,http://fs.lianjia.com/chengjiao/FS0002197967.html
1,98,禅城恒福花园8号楼 3室2厅 103平米,中楼层(共8层) 2000年建塔楼,9515,,2017.01.04,南 | 简装,http://fs.lianjia.com/chengjiao/FS0001640404.html
1,34.7,时代倾城 1室1厅 42平米,中楼层(共15层) 2016年建塔楼,8258,,2016.11.22,西 | 简装,http://fs.lianjia.com/chengjiao/FS0002186166.html
1,61,中恒海晖城 3室2厅 93平米,中楼层(共16层) 2012年建塔楼,6560,,2016.11.22,南 | 其他,http://fs.lianjia.com/chengjiao/FS0002187744.html
1,192.8,康怡花园 4室2厅 163平米,中楼层(共16层) 2003年建塔楼,11829,,2016.11.22,南 | 简装,http://fs.lianjia.com/chengjiao/FS0002249133.html
1,53,中恒海晖城 2室1厅 75平米,中楼层(共15层) 2012年建塔楼,7067,,2016.11.22,南 | 其他,http://fs.lianjia.com/chengjiao/FS0002157891.html
1,143,保利东湾东悦花园 3室2厅 102平米,高楼层(共20层) 2014年建塔楼,14020,房本满两年,2016.11.22,南 | 毛坯,http://fs.lianjia.com/chengjiao/FS0002241636.html
1,203,怡翠玫瑰园 4室2厅 185平米,低楼层(共26层) 2004年建塔楼,10973,房本满五年,2016.11.20,南 | 精装,http://fs.lianjia.com/chengjiao/FS0002192352.html
1,68,珠江半岛花园 2室1厅 64.97平米,中楼层(共7层) 2000年建塔楼,10467,,2016.11.20,东北 | 其他,http://fs.lianjia.com/chengjiao/FS0002192332.html
1,88,俊雅苑 4室2厅 143平米,中楼层(共7层) 2002年建塔楼,6154,,2016.11.19,南 | 精装,http://fs.lianjia.com/chengjiao/FS0002189852.html
1,121.5,康怡丽苑二期 2室2厅 94平米,高楼层(共16层) 2006年建塔楼,12926,房本满五年,2016.11.19,南 | 简装,http://fs.lianjia.com/chengjiao/FS0002092152.html
1,140.1,富丰新城 3室2厅 86.21平米,高楼层(共32层) 2012年建塔楼,16249,,2016.11.19,东北 | 精装,http://fs.lianjia.com/chengjiao/FS0002170760.html
1,98,禅城恒福花园8号楼 3室2厅 103平米,中楼层(共8层) 2000年建塔楼,9515,,2017.01.04,南 | 简装,http://fs.lianjia.com/chengjiao/FS0001640404.html
1,75,禅城名雅花园 3室2厅 91.11平米,高楼层(共8层) 塔楼,8232,,2017.01.04,南 北 | 其他,http://fs.lianjia.com/chengjiao/FS0002324810.html
1,67.2,威斯广场旭景豪庭 3室2厅 114平米,高楼层(共9层) 2005年建塔楼,5895,房本满五年,2017.01.04,北 | 毛坯,http://fs.lianjia.com/chengjiao/FS0002323258.html
1,400,保利壹号公馆 4室2厅 280平米,高楼层(共40层) 2009年建塔楼,14286,"房本满五年,距广佛线千灯湖854米",2017.01.04,南 | 毛坯,http://fs.lianjia.com/chengjiao/FS0002193915.html
1,82.8,玫瑰园金华路7号（七期） 2室2厅 97平米,中楼层(共7层) 2001年建塔楼,8537,房本满五年,2017.01.03,南 北 | 简装,http://fs.lianjia.com/chengjiao/FS0002325762.html
1,170,南海颐景园烟雨苑 2室2厅 109平米,中楼层(共29层) 2007年建塔楼,15597,距广佛线南桂路962米,2017.01.03,南 | 其他,http://fs.lianjia.com/chengjiao/FS0002093637.html
1,95,嘉信城市花园帝苑 2室1厅 92.43平米,中楼层(共18层) 2011年建塔楼,10279,房本满两年,2017.01.03,东北 | 简装,http://fs.lianjia.com/chengjiao/FS0002159034.html
1,105,恒福新城 2室2厅 77.04平米,高楼层(共22层) 2010年建塔楼,13630,房本满五年,2016.12.31,西南 | 简装,http://fs.lianjia.com/chengjiao/FS0002259418.html
1,66,金威郦都 2室2厅 83平米,低楼层(共21层) 2012年建塔楼,7952,房本满两年,2016.12.31,北 | 简装,http://fs.lianjia.com/chengjiao/FS0002263444.html
1,88,玫瑰园金华路7号（七期） 2室2厅 98平米,中楼层(共7层) 2001年建塔楼,8980,房本满五年,2016.12.31,南 北 | 简装,http://fs.lianjia.com/chengjiao/FS0002292727.html
1,20,中恒海晖城 1室1厅 35.87平米,低楼层(共23层) 2012年建塔楼,5576,房本满两年,2016.12.31,南 北 | 其他,http://fs.lianjia.com/chengjiao/FS0002315971.html
1,28,中南花园 1室0厅 31平米,高楼层(共8层) 2002年建塔楼,9033,房本满五年,2016.12.31,北 | 简装,http://fs.lianjia.com/chengjiao/FS0002322205.html
1,180,怡翠玫瑰园 3室2厅 135平米,低楼层(共18层) 2004年建塔楼,13334,房本满五年,2016.12.31,南 | 简装,http://fs.lianjia.com/chengjiao/FS0002182857.html
1,115,黄岐名雅花园 2室1厅 83平米,中楼层(共13层) 2000年建塔楼,13856,房本满五年,2016.12.31,西 | 简装,http://fs.lianjia.com/chengjiao/FS0002316607.html
1,76,长信银湾 3室1厅 82.2平米,低楼层(共18层) 2013年建塔楼,9246,,2016.12.31,北 | 毛坯,http://fs.lianjia.com/chengjiao/FS0002291693.html
1,130,珠江半岛花园 3室2厅 100.42平米,中楼层(共7层) 2000年建塔楼,12946,,2016.12.31,南 | 其他,http://fs.lianjia.com/chengjiao/FS0002320565.html
1,85,风度花园 3室2厅 102.78平米,高楼层(共14层) 2015年建塔楼,8271,,2016.12.31,南 | 毛坯,http://fs.lianjia.com/chengjiao/FS0002322481.html
1,111.8,购物中心 3室2厅 165平米,中楼层(共24层) 1998年建塔楼,6776,,2016.12.31,南 | 其他,http://fs.lianjia.com/chengjiao/FS0001973333.html
1,70,中恒海晖城 4室2厅 119平米,低楼层(共23层) 2012年建塔楼,5883,房本满两年,2016.12.31,南 北 | 其他,http://fs.lianjia.com/chengjiao/FS0002315927.html
1,105,珠江罗马新都 3室2厅 89.69平米,中楼层(共16层) 2016年建塔楼,11707,,2016.12.31,南 | 其他,http://fs.lianjia.com/chengjiao/FS0002318423.html
1,96,珠江罗马新都 3室2厅 89.64平米,低楼层(共16层) 2016年建塔楼,10710,房本满两年,2016.12.31,南 | 精装,http://fs.lianjia.com/chengjiao/FS0002319571.html
1,54,新世界名门天下 1室1厅 58平米,中楼层(共21层) 2012年建板塔结合,9311,,2016.12.31,暂无数据 | 其他,http://fs.lianjia.com/chengjiao/FS0002080667.html
1,23,紫荆南苑 2室2厅 40平米,高楼层(共7层) 2005年建板塔结合,5750,,2016.12.31,暂无数据 | 简装,http://fs.lianjia.com/chengjiao/FS0002193677.html
1,170,名苑小区二区 4室2厅 163.96平米,低楼层(共16层) 1995年建塔楼,10369,,2016.12.30,南 | 简装,http://fs.lianjia.com/chengjiao/FS0001769049.html
1,118,江南名居泓苑 2室2厅 90平米,中楼层(共16层) 2006年建塔楼,13112,房本满五年,2016.12.30,北 | 简装,http://fs.lianjia.com/chengjiao/FS0002308693.html
1,43,金沙新城二街3号 2室1厅 68平米,中楼层(共7层) 2001年建塔楼,6324,房本满五年,2016.12.30,南 | 简装,http://fs.lianjia.com/chengjiao/FS0002300264.html
1,180,禅城绿地中心 4室2厅 128平米,中楼层(共33层) 2015年建塔楼,14063,,2016.12.30,南 北 | 毛坯,http://fs.lianjia.com/chengjiao/FS0002140609.html
1,73,中恒海晖城 3室2厅 88平米,高楼层(共16层) 2012年建塔楼,8296,,2016.12.30,北 | 毛坯,http://fs.lianjia.com/chengjiao/FS0002319508.html
1,60,江南名居熙苑 1室1厅 49平米,高楼层(共22层) 2006年建塔楼,12245,房本满两年,2016.12.30,南 | 简装,http://fs.lianjia.com/chengjiao/FS0002186850.html
1,100,朗晴轩 2室1厅 93.79平米,中楼层(共10层) 塔楼,10663,,2016.12.29,北 | 其他,http://fs.lianjia.com/chengjiao/FS0002303863.html
